,Pathway,ID,Equation,reaction_ids,Location on map,Glucose MFA Flux,Glucose MFA LB,Glucose MFA UB,Glycerol MFA Flux,Glycerol MFA LB,Glycerol MFA UB,Oleic Acid MFA Flux,Oleic Acid MFA LB,Oleic Acid MFA UB,Glucose GSM LB,Glucose GSM UB,Glucose_mfa_bound_feasibility,Glycerol GSM LB,Glycerol GSM UB,Glycerol_mfa_bound_feasibility,Oleic Acid GSM LB,Oleic Acid GSM UB,Oleic Acid_mfa_bound_feasibility
0,uptake,gluc uptake,Glucose + ATP -> G6P,reverse_EX_glc_e,"(-1180, 1175)",100.0,100.0,100.0,,,,,,,100.0,100.0,fully feasible,0.0,-0.0,,0.0,-0.0,
1,uptake,glyc uptake,Glycerol -> GLYC,reverse_GLYCt,"(-1376, 417)",,,,100.0,100.0,100.0,,,,-28.010192866734,-2e-12,,100.0,100.0,fully feasible,-196.05520841676997,-0.0,
2,uptake,R3.2,GLYC + ATP -> DHAP + 1.5*ATP,,,,,,100.0,100.0,100.0,,,,,,,,,,,,
3,uptake,OA uptake,OA + ATP -> 9*ACCOAcyt + 8*NADH + 12*ATP,OCDCEAt,"(-55, 111)",,,,,,,100.0,100.0,100.0,0.0,-0.0,,0.0,-0.0,,100.0,100.0,fully feasible
4,glycolysis/gluconeogensis,R4 net,G6P <-> F6P,PGI,"(-1180, 960)",18.0175,9.792,23.5403,-41.3947,-41.5761,-36.5906,-305.8491,-319.0201,-256.517,-193.771880791703,92.008809117116,fully feasible,-96.832349075409,-3.061031126043,fully feasible,-850.4237753621701,-14.021160247040001,fully feasible
5,glycolysis/gluconeogensis,R5 net,F6P + ATP <-> FBP,PFK or reverse_FBP,"(-1180, 700)",56.7218,53.3756,59.0811,-20.6531,-20.7135,-19.0518,-144.5891,-148.9667,-128.1481,-355.029194585922,82.770172650044,fully feasible,-177.118594949649,-6.599897135175,fully feasible,-2962.74581532499,-27.23412425903,fully feasible
6,glycolysis/gluconeogensis,R6 net,FBP <-> DHAP + GAP,FBA,"(-1184, 515)",56.7218,53.3756,59.0811,-20.6531,-20.7135,-19.0518,-144.5891,-148.9667,-128.1481,-355.029194585845,82.770172650044,fully feasible,-177.118594949649,-6.599897135175,fully feasible,-2962.74581532499,-27.23412425903,fully feasible
7,glycolysis/gluconeogensis,R7 net,DHAP <-> GAP,TPI,"(-984, 273)",55.2244,51.7849,57.7445,78.7033,78.6429,80.3046,-152.8556,-157.2308,-136.4145,-14.932568165516,81.688970970054,fully feasible,58.393818977804,92.985947822794,fully feasible,-444.48160305638,-30.64881457273,fully feasible
8,glycolysis/gluconeogensis,R8 net,GAP <-> G3P + ATP + NADH,GAPD,"(-700, 250)",130.1644,125.282,135.6607,67.9337,67.8732,69.5346,-218.6947,-223.0502,-202.2536,65.610912236392,163.326714328718,fully feasible,51.250847495093,85.952272874059,fully feasible,-472.44535736505,-58.582637711740006,fully feasible
9,glycolysis/gluconeogensis,R9 net,G3P <-> PEP,ENO,"(-980, 15)",125.4818,120.3684,131.5478,66.3897,66.3727,67.9837,-224.0012,-224.3677,-206.2233,-93.11777810886,163.326714328717,fully feasible,-45.790397605725,85.952272874059,fully feasible,-1434.36170998557,-58.582637711740006,fully feasible
10,glycolysis/gluconeogensis,R10,PEP -> PYRcyt + ATP,PYK,"(-967, -265)",141.4875,124.1132,190.105,64.3948,64.3778,69.1182,74.1775,6.1338,153.4038,0.0,502.59353620392,fully feasible,0.0,211.768169314878,fully feasible,0.0,2945.13444894588,fully feasible
11,glycolysis/gluconeogensis,R32,OAAcyt + ATP -> PEP + CO2,PPCK,"(-1025, -645)",20.6477,5.9625,67.8603,1e-07,0.0,4.7191,305.9919,232.9762,376.4597,0.0,355.029194585872,fully feasible,0.0,168.19218769215,fully feasible,60.90718623988,3020.9357980835603,fully feasible
12,pentose phosphate,R11,G6P -> PG6 + NADPH,G6PDH2,"(-754, 1175)",61.4534,55.2801,69.7078,32.5722,27.7687,32.7664,249.1832,199.8452,262.3712,0.0,285.780689908812,fully feasible,0.0,93.771317949366,fully feasible,0.0,836.40261511514,fully feasible
13,pentose phosphate,R12.2,PG6 -> Ru5P + CO2 + NADPH,GND,"(-324, 1175)",61.4534,55.2801,69.7078,32.5722,27.7687,32.7664,249.1832,199.8452,262.3712,0.806889731405,286.587579640225,fully feasible,0.309079662761,94.080397612127,fully feasible,2.5483483804000002,838.95096349554,fully feasible
14,pentose phosphate,R13.2 net,Ru5P <-> R5P,reverse_RPI,"(307, 912)",22.7491,20.775,25.492,11.8307,10.2296,11.8911,87.9232,71.4792,92.3178,1.852081673113,98.473620808688,fully feasible,0.709441149951,35.301569994942,fully feasible,2.82521652542,416.65800500906005,fully feasible
15,pentose phosphate,R14.2 net,Ru5P <-> X5P,RPE,"(307, 809)",38.7043,34.5248,44.223,20.7416,17.5389,20.8625,161.26,128.368,170.0534,-34.103165458906,189.475267997493,fully feasible,-23.256439696688,62.113850479054,fully feasible,-242.33735107969,557.32487526508,fully feasible
16,pentose phosphate,R15.2 net,X5P <-> GAP + TKC2,TKT1 or TKT2,"(533, 302)",38.7043,34.5248,44.223,20.7416,17.5389,20.8625,161.26,128.368,170.0534,-34.103165458906,189.475267997493,fully feasible,-23.256439696688,62.113850479054,fully feasible,-242.33735107969,557.32487526508,fully feasible
17,pentose phosphate,R16.2 net,E4P + TKC2 <-> F6P,TKT2,"(524, 507)",18.1917,16.0395,20.9632,9.8721,8.2705,9.9325,78.6767,62.2361,83.074,-22.398678759901,94.106208721085,fully feasible,-11.870087732245,30.815057355627,fully feasible,-143.22283069369,278.0813005005,fully feasible
18,pentose phosphate,R17.2 net,R5P + TKC2 <-> S7P,TKT1,"(524, 711)",20.5126,18.4561,23.2611,10.8695,9.2684,10.93,82.5833,66.1369,86.9794,-16.420157451795,95.369059276408,fully feasible,-11.386351964443,31.298793123428,fully feasible,-120.58753840781,279.24357476457,fully feasible
19,pentose phosphate,R18.2 net,GAP + TAC3 <-> F6P,TALA,"(524, 405)",20.5126,18.4561,23.2611,10.8695,9.2684,10.93,82.5833,66.1369,86.9794,-425.620919593847,95.369059276408,fully feasible,-160.276714327096,31.298793123428,fully feasible,-2935.06898800651,279.24357476457,fully feasible
20,pentose phosphate,R19.2 net,S7P <-> E4P + TAC3,TALA,"(528, 609)",20.5126,18.4561,23.2611,10.8695,9.2684,10.93,82.5833,66.1369,86.9794,-425.620919593847,95.369059276408,fully feasible,-160.276714327096,31.298793123428,fully feasible,-2935.06898800651,279.24357476457,fully feasible
21,TCA cycle,R19,PYRmit -> ACCOAmit + CO2 + NADH,PDHm,"(320, -226)",95.0145,86.6598,102.7414,52.2549,51.4316,53.9256,74.8434,39.1118,128.2408,0.0,190.520459939264,fully feasible,0.0,62.514211966257,fully feasible,0.0,557.6017434101,fully feasible
22,TCA cycle,R20,ACCOAmit + OAAmit -> CITmit,CSm,"(818, -383)",90.5464,81.9247,98.5614,31.3326,31.3156,32.9674,419.6225,419.256,442.1648,0.0,361.230148211487,fully feasible,0.0,151.759521998704,fully feasible,0.0,2961.58781662064,fully feasible
23,TCA cycle,R21 net,CITmit <-> ICTmit,ACONTm,"(980, -618)",27.3637,13.2107,53.4877,24.3274,23.5168,26.0798,38.7522,18.9638,75.2743,-989.028784817542,1000.0,fully feasible,-995.797468530513,1000.0,fully feasible,-9787.86498697093,10000.0,fully feasible
24,TCA cycle,R23,ICTmit -> AKG + CO2 + NADH,ICDHxm,"(1154, -746)",4.1347,0.0,18.0326,24.3274,16.3798,26.0788,38.7522,0.0,75.2709,0.0,108.571746995376,fully feasible,0.0,40.487404953423,fully feasible,0.0,567.69918605555,fully feasible
25,TCA cycle,R24,ICTmit -> AKG + CO2 + NADPH,ICDHym,"(1154, -825)",23.2289,0.0,33.3765,1e-07,0.0,9.5709,1.0074e-07,0.0,68.886,0.0,96.691908671251,fully feasible,0.0,35.058889580361,fully feasible,0.0,567.69918605555,fully feasible
26,TCA cycle,R25,AKG -> 0.5*SUCmit + 0.5*SUCmit + CO2 + ATP + NADH,reverse_SUCOASm,"(971, -1014)",15.2273,0.3408,42.8441,19.1117,18.301,20.8642,18.9192,0.0,55.8544,0.0,102.784957021379,fully feasible,0.0,38.650910744399,fully feasible,-0.0,557.6017434101,fully feasible
27,TCA cycle,R26 net,SUCmit <-> FUMmit + 1.5*ATP,SUCD2_u6m or SUCD1m,"(554, -1035)",31.2799,20.6873,49.1634,25.9059,25.8889,27.5001,399.9094,399.543,423.3663,0.0,150.751270298055,fully feasible,0.0,60.647093722415,fully feasible,101.85246037655,1466.06966803164,fully feasible
28,TCA cycle,R27 net,0.5*FUMmit + 0.5*FUMmit <-> 0.5*MALmit + 0.5*MALmit,FUMm,"(273, -890)",33.5743,23.0833,51.1684,26.8919,26.8749,28.4859,403.9094,403.5453,427.1788,0.0,150.751270298055,fully feasible,0.0,60.647093722415,fully feasible,-0.0,1466.06966803162,fully feasible
29,TCA cycle,R28 net,MALmit <-> OAAmit + NADH,MDHm,"(409, -643)",105.1592,90.7308,112.1369,31.4005,31.3156,33.0513,451.0288,424.6343,475.596,-743.87977242656,473.75301688918,fully feasible,-384.352207084359,345.484587552999,fully feasible,-4893.30051793814,2797.13973471452,fully feasible
30,pyruvate metabolism,R29,MALmit -> PYRmit + CO2 + NADH,ME1m,"(222, -439)",1.8687,0.0,8.9569,0.8004,0.0,1.6748,27.7589,0.0,105.1929,0.0,473.372259448018,fully feasible,0.0,224.256250256189,fully feasible,0.0,3926.84593192802,fully feasible
31,pyruvate metabolism,R31,PYRcyt + CO2 + ATP -> OAAcyt,PC,"(-601, -596)",30.9185,20.9578,78.6923,5.4526,4.5762,8.8553,,,,0.0,492.55475904921,fully feasible,0.0,226.112201850758,fully feasible,0.0,3914.0155880880097,
32,pyruvate metabolism,R35,AA -> AC + NADH,ALDD2y,,1.5129,0.689,2.4518,1.5869,1.3831,1.7423,8.08,3.6828,18.6875,0.0,192.81782844413,fully feasible,0.0,74.663697231455,fully feasible,0.0,956.6200967707,fully feasible
33,pyruvate metabolism,R37 net,AC + ATP <-> ACCOAcyt,ACS or reverse_ACOAH,,3.66,2.7483,4.6673,2.5096,2.3059,2.6546,12.5066,8.109,23.1128,0.0,161.385781784073,fully feasible,0.0,63.654286518106,fully feasible,0.0,813.6043412420499,fully feasible
34,pyruvate metabolism,ACL,CITcyt + ATP -> OAAcyt + ACCOAcyt,ATPCitL,,47.1737,32.966,54.2681,0.2297,0.0,0.8827,,,,0.0,284.023355668699,fully feasible,0.0,132.334839712774,fully feasible,0.0,2348.40935285241,
35,glyoxylate shunt,R41.2 net,CITcyt <-> ICTcyt,ACONT,"(1027, 38)",16.0091,5.3272,21.8437,6.7755,5.9554,7.755,380.8702,354.773,421.8486,-989.028784817542,1000.0,fully feasible,-995.797468530513,1000.0,fully feasible,-9787.86498697093,10000.0,fully feasible
36,glyoxylate shunt,R43.2,ICTcyt -> GLYOXYcyt + SUCcyt,ICL,"(1589, 38)",16.0091,5.3272,21.8437,6.7755,5.9554,7.755,380.8702,354.773,421.8486,0.0,150.751270298055,fully feasible,0.0,60.647093722415,fully feasible,101.85246037657001,1466.06966803163,fully feasible
37,glyoxylate shunt,R45,ACCOAcyt + GLYOXYcyt -> MALcyt,MALS,"(1078, 294)",16.0091,5.3272,21.8437,6.7755,5.9554,7.755,380.8702,354.773,421.8486,0.0,133.353236257755,fully feasible,0.0,61.471599756884,fully feasible,0.0,1241.74623980778,fully feasible
38,glyoxylate shunt,R46 net,MALcyt <-> OAAcyt + NADH,MDH,"(-511, -814)",-57.4445,-65.0182,-45.4439,1.4664,0.458,3.1383,305.9919,235.409,406.0944,-502.845050013391,696.077247537013,fully feasible,-328.836646510995,371.774423509694,fully feasible,-1227.19607528176,5525.401301313721,fully feasible
39,compartment transport,R18,PYRcyt -> PYRmit,PYRt2m,"(-234, -230)",110.5956,101.3061,118.4185,58.9536,58.1367,60.5901,74.2508,6.2159,153.1349,-355.588636307849,198.790757199363,fully feasible,-179.681604287446,65.682154980723,fully feasible,-3919.23429995693,565.21337538118,fully feasible
40,compartment transport,R42 net,ACCOAcyt <-> ACCOAmit,CSNATifm or reverse_CSNATirm,"(494, -94)",,,,-19.0021,-19.9564,-17.9197,352.2789,315.9699,383.4,-171.24752777272,341.41840904532,,-75.464368401604,143.39736707264,fully feasible,-999.1343975175901,2965.29512892441,fully feasible
41,compartment transport,cit transp,CITmit -> CITcyt,CITtam or CITtbm or CITtcm,"(1129, -302)",63.1827,38.3595,75.9248,7.0052,6.1852,8.1005,380.8702,354.773,421.8486,-1284.023355668699,1000.000000000001,fully feasible,-1132.334839712777,1000.0,fully feasible,-12251.34759776055,10000.0,fully feasible
42,compartment transport,R44,SUCcyt -> SUCmit,SUCCtm,"(1687, -677)",16.0525,5.3659,21.8883,6.7941,5.9741,7.7735,380.9902,354.8905,421.9682,0.0,150.751270298054,fully feasible,0.0,60.647093722415,fully feasible,0.0,1466.06966803163,fully feasible
43,compartment transport,R47,MALcyt -> MALmit,MALtm or reverse_CITtam or reverse_DICtm,"(-98, -843)",73.4536,56.0663,84.4458,5.309,4.2109,6.4196,74.8783,15.046,154.6591,-693.419459781067,505.5028377694,fully feasible,-350.815506913752,367.18712931601,fully feasible,-4645.79408128017,2804.54609856871,fully feasible
44,amino acid biosynthesis,R48.2,G3P + GLU -> SER + AKG + NADH,,,4.6826,4.0149,5.1929,1.544,1.4715,1.6458,5.3065,0.0,7.5053,,,,,,,,,
45,amino acid biosynthesis,R50 net,SER <-> GLY + MTHF,,,1.9558,1.4824,2.363,0.3722,0.2996,0.474,1.1133,-4.192,3.3059,,,,,,,,,
46,amino acid biosynthesis,R51.2 net,GLY <-> CO2 + MTHF + NADH,,,-0.6975,-1.0896,-0.2458,0.1686,0.0667,0.2463,1.5267,-0.672,6.8312,,,,,,,,,
47,amino acid biosynthesis,R52,AKG + NADPH -> GLU,,,50.6325,44.4485,53.9465,22.228,21.9286,22.3005,87.0455,82.2412,92.3244,,,,,,,,,
48,amino acid biosynthesis,R53,GLU + ATP -> GLN,,,7.3325,6.4366,7.7586,3.1512,3.1093,3.1512,11.9065,11.3553,11.9029,,,,,,,,,
49,amino acid biosynthesis,R54,GLU + ATP + 2*NADPH -> PRO,,,1.8718,1.6431,1.9805,0.8044,0.7937,0.8044,3.0,2.861,2.9991,,,,,,,,,
50,amino acid biosynthesis,R55.2,GLU + GLU + CO2 + GLN + ASP + ACCOAmit + 4*ATP + NADPH -> AKG + ARG + GLU + FUMmit + AC,,,1.5699,1.3781,1.6611,0.6747,0.6657,0.6747,2.8333,2.7021,2.8324,,,,,,,,,
51,amino acid biosynthesis,R56,OAAcyt + GLU -> ASP + AKG,,,1.9677e-06,0.0,10.8512,7.1488,6.6438,7.2937,1.0029e-07,0.0,36.18,,,,,,,,,
52,amino acid biosynthesis,R56.m,OAAmit + GLU -> ASP + AKG,,,14.6128,4.3501,16.1442,0.0679,0.0,0.5752,31.4063,0.0,42.0068,,,,,,,,,
53,amino acid biosynthesis,R58,ASP + GLN + ATP -> ASN + GLU,,,2.0831,1.8286,2.2041,0.8952,0.8833,0.8952,3.0,2.861,2.9991,,,,,,,,,
54,amino acid biosynthesis,R60,PYRmit + GLU -> ALA + AKG,,,4.287,3.7632,4.536,1.8423,1.8179,1.8423,6.4999,6.1989,6.498,,,,,,,,,
55,amino acid biosynthesis,R61,ASP + 2*ATP + 2*NADPH -> THR,,,5.7395,4.7342,6.8366,3.4033,3.1995,3.5483,14.7466,10.3464,25.3521,,,,,,,,,
56,amino acid biosynthesis,R62,THR -> GLY + AA,,,1.5129,0.689,2.4518,1.5869,1.3831,1.7423,8.08,3.6828,18.6875,,,,,,,,,
57,amino acid biosynthesis,R63.2,SER + ACCOAcyt + ASP + CO2 + 3*ATP + 4*NADPH -> CYS + AC + SUCcyt,,,0.0435,0.0382,0.046,0.0187,0.0184,0.0187,0.12,0.1144,0.12,,,,,,,,,
58,amino acid biosynthesis,R64,ASP + MTHF + ACCOAcyt + ATP + 2*NADPH -> MET + AC,,,0.5338,0.4685,0.5648,0.2294,0.2263,0.2294,1.4733,1.4051,1.4729,,,,,,,,,
59,amino acid biosynthesis,R65,AKG + ACCOAcyt + GLU + GLU + 2*NADPH -> LYS + CO2 + AKG + AKG + 2*NADH,,,2.8378,2.4911,3.0027,1.2196,1.2034,1.2196,4.3333,4.1326,4.332,,,,,,,,,
60,amino acid biosynthesis,R67,PYRmit + PYRmit + GLU + NADPH -> VAL + CO2 + AKG,,,2.7775,2.4381,2.9388,1.1936,1.1778,1.1936,4.1666,3.9736,4.1654,,,,,,,,,
61,amino acid biosynthesis,R69,PEP + PEP + E4P + GLU + ATP + NADPH -> PHE + CO2 + AKG,,,1.4491,1.2721,1.5333,0.6228,0.6145,0.6228,2.1666,2.0663,2.166,,,,,,,,,
62,amino acid biosynthesis,R70,PEP + PEP + E4P + GLU + ATP + NADPH -> TYR + CO2 + AKG + NADPH,,,0.8453,0.742,0.8944,0.3633,0.3585,0.3633,1.6666,1.5895,1.6661,,,,,,,,,
63,amino acid biosynthesis,R71.2,SER + R5P + PEP + E4P + PEP + GLN + 3*ATP + NADPH -> TRP + CO2 + GAP + PYRcyt + GLU,,,0.0266,0.0233,0.0281,0.0114,0.0113,0.0114,0.0733,0.0699,0.0733,,,,,,,,,
64,amino acid biosynthesis,R72.2,R5P + MTHF + GLN + ASP + 5*ATP -> HIS + AKG + FUMmit + 2*NADH,,,0.7246,0.636,0.7667,0.3114,0.3072,0.3114,1.1666,1.1126,1.1663,,,,,,,,,
65,amino acid biosynthesis,R76,PYRmit + THR + GLU + NADPH -> ILE + CO2 + AKG,,,1.8114,1.5901,1.9166,0.7785,0.7681,0.7785,3.0,2.861,2.9991,,,,,,,,,
66,amino acid biosynthesis,R77,ACCOAmit + PYRmit + PYRmit + GLU + NADPH -> LEU + CO2 + CO2 + AKG + NADH,,"(-1670, -1049)",2.8982,2.5441,3.0666,1.2455,1.229,1.2455,4.6666,4.4505,4.6652,,,,,,,,,
67,biomass formation,R80 gluc 1207 avg AA 10%lip,0.355*ALA + 0.13*ARG + 0.1725*ASN + 0.1725*ASP + 0.0036*CYS + 0.2425*GLN + 0.2425*GLU + 0.285*GLY + 0.06*HIS + 0.15*ILE + 0.24*LEU + 0.235*LYS + 0.0442*MET + 0.12*PHE + 0.155*PRO + 0.22*SER + 0.2*THR + 0.0022*TRP + 0.07*TYR + 0.23*VAL + 2.601*ACCOAcyt + 0.124*DHAP + 2.601*ATP + 5.203*NADPH + 0.124*NADH + 0.123*R5P + 0.152*ASP + 0.06*GLY + 1.7*G6P -> biomass + 0.076*FUM,biomass_oil,,12.0759,10.6005,12.7776,5.1897,5.1208,5.1897,33.3329,31.789,33.3229,10.260731110521,12.949245938638,fully feasible,3.930380060437,5.286971059253,fully feasible,16.200000000000003,37.49963837887,fully feasible
68,energy metabolism,R81,ATP -> ATP_maintenance,ATPM,,777.9308,616.6971,1065.5,732.6892,728.5648,746.4218,4958.8,4913.0,5235.4,0.0,355.029194585879,not feasible,0.0,165.418549640903,not feasible,0.0,2935.5116910660304,not feasible
69,energy metabolism,R82,NADH -> NADPH,,,2.2879e-06,0.0,20.6486,1e-07,0.0,9.5711,9.9874e-08,0.0,104.9593,,,,,,,,,
70,energy metabolism,R83,NADH -> 2.5*ATP,,"(-1670, -1155)",308.1479,264.7777,398.4924,204.2585,202.6647,208.1858,1520.9,1503.1,1612.3,,,,,,,,,
71,co2_formation,R79,CO2 -> CO2_EX,reverse_CO2t,,203.89,,253.7007,129.7695,,132.0301,738.7619,739.0788,787.9127,94.216002608575,265.580456773905,,-0.0,85.720419518827,,27.836174185089998,1251.0133973502,fully feasible
